"RegionName","CBSA Title","SizeRankMetro","PctPriceCut","DaysOnMarket","BuyerSellerIndex"
"New York","""New York-Newark-Jersey City, NY-NJ-PA""",1,11.9356485768435,149,8.44311377245509
"Los Angeles-Long Beach-Anaheim","""Los Angeles-Long Beach-Anaheim, CA""",2,12.5247835968857,67,1.53692614770459
"Chicago","""Chicago-Naperville-Elgin, IL-IN-WI""",3,19.3592921930437,101,9.10179640718563
"Dallas-Fort Worth","""Dallas-Fort Worth-Arlington, TX""",4,15.3593441097802,50,3.11377245508982
"Philadelphia","""Philadelphia-Camden-Wilmington, PA-NJ-DE-MD""",5,19.9674552509701,100,9.12175648702595
"Houston","""Houston-The Woodlands-Sugar Land, TX""",6,18.0240569893729,75,5.90818363273453
"Washington","""Washington-Arlington-Alexandria, DC-VA-MD-WV""",7,17.4814643188137,74.5,5.64870259481038
"Miami-Fort Lauderdale","""Miami-Fort Lauderdale-West Palm Beach, FL""",8,11.245509169922,105,4.69061876247505
"Atlanta","""Atlanta-Sandy Springs-Roswell, GA""",9,14.5428162219207,75,3.89221556886228
"Boston","""Boston-Cambridge-Newton, MA-NH""",10,17.0987391981867,73,5.20958083832335
"San Francisco","""San Francisco-Oakland-Hayward, CA""",11,10.3754855416487,48,0.31936127744511
"Detroit","""Detroit-Warren-Dearborn, MI""",12,18.1212278298219,86,7.54491017964072
"Riverside","""Riverside-San Bernardino-Ontario, CA""",13,13.4754738015608,79,3.37325349301397
"Phoenix","""Phoenix-Mesa-Scottsdale, AZ""",14,19.9445676274945,70,5.5688622754491
"Seattle","""Seattle-Tacoma-Bellevue, WA""",15,9.84984157597465,50,0.219560878243513
"Minneapolis-St Paul","""Minneapolis-St. Paul-Bloomington, MN-WI""",16,17.715327066948,79,6.42714570858283
"San Diego","""San Diego-Carlsbad, CA""",17,8.52936338213522,62,0.0399201596806387
"St. Louis","""St. Louis, MO-IL""",18,16.3838887061146,75,5.26946107784431
"Tampa","""Tampa-St. Petersburg-Clearwater, FL""",19,15.4355746936072,82,5.78842315369261
"Baltimore","""Baltimore-Columbia-Towson, MD""",20,20.4929577464789,99,9.06187624750499
"Denver","""Denver-Aurora-Lakewood, CO""",21,9.47180301826847,54,0.139720558882236
"Pittsburgh","""Pittsburgh, PA""",22,17.122508827578,93,8.16367265469062
"Portland","""Portland-Vancouver-Hillsboro, OR-WA""",23,14.3814907322203,58,2.59481037924152
"Charlotte","""Charlotte-Concord-Gastonia, NC-SC""",24,10.1620433946718,73,0.598802395209581
"Sacramento","""Sacramento--Roseville--Arden-Arcade, CA""",25,8.92805267744747,58,0.0598802395209581
"San Antonio","""San Antonio-New Braunfels, TX""",26,17.2419960651046,69,4.57085828343313
"Orlando","""Orlando-Kissimmee-Sanford, FL""",27,15.0457820880967,86,6.14770459081836
"Cincinnati","""Cincinnati, OH-KY-IN""",28,14.5685319709428,84,5.10978043912176
"Cleveland","""Cleveland-Elyria, OH""",29,16.644086167186,87,7.22554890219561
"Kansas City","""Kansas City, MO-KS""",30,15.6850684299554,72,4.27145708582834
"Las Vegas","""Las Vegas-Henderson-Paradise, NV""",31,14.6683021568026,72,3.53293413173653
"Columbus","""Columbus, OH""",32,13.4208463949843,69,2.19560878243513
"Indianapolis","""Indianapolis-Carmel-Anderson, IN""",33,16.941809217898,91,7.96407185628743
"San Jose","""San Jose-Sunnyvale-Santa Clara, CA""",34,12.3818307585889,48,0.978043912175649
"Austin","""Austin-Round Rock, TX""",35,14.6762230185849,57,2.73453093812375
"Virginia Beach","""Virginia Beach-Norfolk-Newport News, VA-NC""",36,16.6942039521512,91,7.90419161676647
"Nashville","""Nashville-Davidson--Murfreesboro--Franklin, TN""",37,10.8891638677744,63,0.499001996007984
"Providence","""Providence-Warwick, RI-MA""",38,16.5948275862069,89,7.50499001996008
"Milwaukee","""Milwaukee-Waukesha-West Allis, WI""",39,15.2007136485281,85,6.0878243512974
"Jacksonville","""Jacksonville, FL""",40,15.2346857597454,88,6.60678642714571
"Memphis","""Memphis, TN-MS-AR""",41,12.392561337709,83,2.71457085828343
"Oklahoma City","""Oklahoma City, OK""",42,11.1397627643115,85,2.09580838323353
"Louisville/Jefferson County","""Louisville/Jefferson County, KY-IN""",43,15.396558416354,72,4.15169660678643
"Hartford","""Hartford-West Hartford-East Hartford, CT""",44,18.9825520285894,106,9.4810379241517
"Richmond","""Richmond, VA""",45,16.8341342653269,77,5.88822355289421
"New Orleans","""New Orleans-Metairie, LA""",46,10.6504770164788,92,2.45508982035928
"Buffalo","""Buffalo-Cheektowaga-Niagara Falls, NY""",47,14.6069469835466,90,6.46706586826347
"Raleigh","""Raleigh, NC""",48,12.8252788104089,60,1.47704590818363
"Birmingham","""Birmingham-Hoover, AL""",49,12.3979704390029,89,3.6127744510978
"Salt Lake City","""Salt Lake City, UT""",50,9.99515972894482,66,0.339321357285429
"Rochester","""Rochester, NY""",51,15.2864157119476,97,7.94411177644711
"Grand Rapids","""Grand Rapids-Wyoming, MI""",52,16.8413696715584,74,5.18962075848303
"Tucson","""Tucson, AZ""",53,15.2502568618817,85,6.12774451097804
"Urban Honolulu","""Urban Honolulu, HI""",54,10.3749115774581,71,0.6187624750499
"Tulsa","""Tulsa, OK""",55,15.5403556771546,87,6.74650698602794
"Fresno","""Fresno, CA""",56,15.4093097913323,69,3.77245508982036
"Worcester","""Worcester, MA-CT""",57,18.8496061549734,85,7.5249500998004
"Stamford","""Bridgeport-Stamford-Norwalk, CT""",58,15.3273636469357,117,9.46107784431138
"Albuquerque","""Albuquerque, NM""",59,21.9101123595506,84,7.56487025948104
"Albany","""Albany-Schenectady-Troy, NY""",60,15.0693470469067,116,9.26147704590818
"Omaha","""Omaha-Council Bluffs, NE-IA""",61,19.455841071043,67,5.0499001996008
"New Haven","""New Haven-Milford, CT""",62,17.6025603724178,111,9.62075848303393
"Bakersfield","""Bakersfield, CA""",63,13.6137381781981,82,3.812375249501
"Knoxville","""Knoxville, TN""",64,10.2659574468085,86,1.51696606786427
"Greenville","""Greenville-Anderson-Mauldin, SC""",65,12.7379949452401,81,3.03393213572854
"Ventura","""Oxnard-Thousand Oaks-Ventura, CA""",66,12.5037213456386,70,1.67664670658683
"Allentown","""Allentown-Bethlehem-Easton, PA-NJ""",67,16.8979591836735,97,8.56287425149701
"El Paso","""El Paso, TX""",68,11.753986332574,105,5.36926147704591
"Baton Rouge","""Baton Rouge, LA""",69,8.82962962962963,88,0.838323353293413
"Dayton","""Dayton, OH""",70,14.8755760368664,90,6.68662674650699
"McAllen","""McAllen-Edinburg-Mission, TX""",71,7.75945683802134,93.5,0.93812375249501
"Columbia","""Columbia, SC""",72,15.8036421219319,98,8.38323353293413
"Akron","""Akron, OH""",73,16.6174609869253,86,7.04590818363273
"North Port-Sarasota-Bradenton","""North Port-Sarasota-Bradenton, FL""",74,14.0026051358392,98,6.98602794411178
"Little Rock","""Little Rock-North Little Rock-Conway, AR""",75,14.8407420371019,94,7.30538922155689
"Stockton","""Stockton-Lodi, CA""",76,8.99550224887556,65,0.119760479041916
"Charleston","""Charleston-North Charleston, SC""",77,13.3860710407942,89,4.75049900199601
"Syracuse","""Syracuse, NY""",78,15.7930411206507,105,8.80239520958084
"Colorado Springs","""Colorado Springs, CO""",79,9.57688338493292,62,0.239520958083832
"Winston-Salem","""Winston-Salem, NC""",80,10.9880372175454,98,3.39321357285429
"Wichita","""Wichita, KS""",81,17.2572355964295,70,4.8502994011976
"Springfield","""Springfield, MA""",82,21.3504220068771,89,8.20359281437126
"Fort Myers","""Cape Coral-Fort Myers, FL""",83,14.0344706296166,109,8.26347305389222
"Boise City","""Boise City, ID""",84,19.2275747508306,60,4.51097804391218
"Toledo","""Toledo, OH""",85,10.1032047800109,92,2.05588822355289
"Madison","""Madison, WI""",86,11.6689911668991,75,1.37724550898204
"Lakeland","""Lakeland-Winter Haven, FL""",87,13.0493971217425,95,5.48902195608782
"Ogden","""Ogden-Clearfield, UT""",88,11.3627173473514,65.5,0.758483033932136
"Daytona Beach","""Deltona-Daytona Beach-Ormond Beach, FL""",89,12.3968229247781,98,5.06986027944112
"Des Moines","""Des Moines-West Des Moines, IA""",90,13.2639577139082,75,2.69461077844311
"Jackson","""Jackson, MS""",91,12.1973643885994,96,4.39121756487026
"Youngstown","""Youngstown-Warren-Boardman, OH-PA""",92,14.8783610755442,110,8.88223552894212
"Augusta","""Augusta-Richmond County, GA-SC""",93,11.3950807071483,91,3.05389221556886
"Scranton","""Scranton--Wilkes-Barre--Hazleton, PA""",94,14.3803843605036,127,9.40119760479042
"Harrisburg","""Harrisburg-Carlisle, PA""",95,16.0180768265127,84,6.40718562874252
"Melbourne","""Palm Bay-Melbourne-Titusville, FL""",96,12.0815450643777,83,2.53493013972056
"Chattanooga","""Chattanooga, TN-GA""",97,12.4683689901081,88,3.57285429141717
"Spokane","""Spokane-Spokane Valley, WA""",98,15.725905841755,70,4.09181636726547
"Provo","""Provo-Orem, UT""",99,8.83116883116883,65,0.0998003992015968
"Lancaster","""Lancaster, PA""",100,13.5245901639344,87.5,4.63073852295409
"Modesto","""Modesto, CA""",101,13.6770120988953,66,2.25548902195609
"Portland","""Portland-South Portland, ME""",102,13.4910485933504,98,6.50698602794411
"Durham","""Durham-Chapel Hill, NC""",103,11.9867549668874,64,0.998003992015968
"Santa Rosa","""Santa Rosa, CA""",104,14.9499705709241,52,2.87425149700599
"Lexington","""Lexington-Fayette, KY""",105,13.8042935596605,70,2.65469061876248
"Lansing","""Lansing-East Lansing, MI""",106,16.3140311804009,91,7.80439121756487
"Fayetteville","""Fayetteville-Springdale-Rogers, AR-MO""",107,14.1330483569329,88,5.52894211576846
"Pensacola","""Pensacola-Ferry Pass-Brent, FL""",108,14.4605394605395,94,6.96606786427146
"Visalia","""Visalia-Porterville, CA""",109,11.5677321156773,77,1.61676646706587
"Shreveport","""Shreveport-Bossier City, LA""",110,14.7576301615799,102,8.22355289421158
"Springfield","""Springfield, MO""",111,14.0742809271153,74,3.17365269461078
"York","""York-Hanover, PA""",112,15.8917418459403,90,7.46506986027944
"Corpus Christi","""Corpus Christi, TX""",113,14.1799232035107,139,9.58083832335329
"Flint","""Flint, MI""",114,19.4050033806626,95,8.68263473053892
"Reno","""Reno, NV""",115,15.6480661352229,62.5,3.49301397205589
"Asheville","""Asheville, NC""",116,13.979364758244,91,5.86826347305389
"Port St. Lucie","""Port St. Lucie, FL""",117,12.5846276383911,96,5.08982035928144
"Santa Maria-Santa Barbara","""Santa Maria-Santa Barbara, CA""",118,9.78593272171254,77,0.658682634730539
"Huntsville","""Huntsville, AL""",119,16.8061200095625,105,9.00199600798403
"Salinas","""Salinas, CA""",120,14.6697388632873,72,3.55289421157685
"Vallejo","""Vallejo-Fairfield, CA""",121,16.5143603133159,58,3.69261477045908
"Mobile","""Mobile, AL""",122,14.2279163857047,108,8.34331337325349
"Reading","""Reading, PA""",123,18.1818181818182,104,9.16167664670659
"Killeen","""Killeen-Temple, TX""",124,9.26640926640927,94,1.45708582834331
"Canton","""Canton-Massillon, OH""",125,15.771526001705,87,6.88622754491018
"Beaumont","""Beaumont-Port Arthur, TX""",126,11.8272425249169,77,1.91616766467066
"Manchester","""Manchester-Nashua, NH""",127,14.5255474452555,77,4.17165668662675
"Salem","""Salem, OR""",128,9.96184824077999,74,0.479041916167665
"Anchorage","""Anchorage, AK""",129,17.4950298210736,83,6.82634730538922
"Davenport","""Davenport-Moline-Rock Island, IA-IL""",130,15.2992277992278,98,8.10379241516966
"Peoria","""Peoria, IL""",131,19.7287955331029,102,9.20159680638723
"Myrtle Beach","""Myrtle Beach-Conway-North Myrtle Beach, SC-NC""",132,10.9895744317211,140,7.38522954091816
"Montgomery","""Montgomery, AL""",133,14.2167220042258,107,8.18363273453094
"Salisbury","""Salisbury, MD-DE""",134,11.4840274969672,131.5,7.64471057884232
"Tallahassee","""Tallahassee, FL""",135,13.3038585209003,93,5.40918163672655
"Trenton","""Trenton, NJ""",136,17.1303656597774,114.5,9.72055888223553
"Fayetteville","""Fayetteville, NC""",137,10.746513535685,112,5.16966067864271
"Hickory","""Hickory-Lenoir-Morganton, NC""",138,10.1760668457177,99.5,2.93413173652695
"Huntington","""Huntington-Ashland, WV-KY-OH""",139,14.3583227445997,155,9.78043912175649
"Eugene","""Eugene, OR""",140,13.4015069967707,70,2.27544910179641
"Rockford","""Rockford, IL""",141,18.0068434559453,85,7.26546906187625
"Savannah","""Savannah, GA""",142,11.9372787051088,101,4.97005988023952
"Ann Arbor","""Ann Arbor, MI""",143,13.2657761400276,77,2.97405189620758
"Ocala","""Ocala, FL""",144,11.35477582846,93,3.1936127744511
"Kalamazoo","""Kalamazoo-Portage, MI""",145,15.8032053671264,94,7.92415169660679
"Naples","""Naples-Immokalee-Marco Island, FL""",146,12.5758411472697,122,8.12375249500998
"South Bend","""South Bend-Mishawaka, IN-MI""",147,16.0739030023095,80,5.96806387225549
"Spartanburg","""Spartanburg, SC""",148,12.9810159055926,94,5.24950099800399
"Evansville","""Evansville, IN-KY""",149,18.2576943140323,89.5,8.0439121756487
"Kingsport","""Kingsport-Bristol-Bristol, TN-VA""",150,12.8614157527418,111,7.66467065868263
"Roanoke","""Roanoke, VA""",151,16.1779575328615,114,9.60079840319361
"Green Bay","""Green Bay, WI""",152,12.2826908541194,76,2.11576846307385
"Lincoln","""Lincoln, NE""",153,15.7959434542102,68,3.95209580838323
"Fort Collins","""Fort Collins, CO""",154,11.8031358885017,60,0.858283433133733
"Utica","""Utica-Rome, NY""",155,13.6742634797109,154,9.50099800399202
"Columbus","""Columbus, GA-AL""",156,13.4012539184953,111,7.98403193612774
"Boulder","""Boulder, CO""",157,13.4593356242841,55,1.79640718562874
"Lubbock","""Lubbock, TX""",158,14.3219264892269,80,4.29141716566866
"Erie","""Erie, PA""",159,15.1766004415011,106.5,8.70259481037924
"Fort Smith","""Fort Smith, AR-OK""",160,11.0351117191062,106.5,4.67065868263473
"Duluth","""Duluth, MN-WI""",161,12.7050904501472,93,4.79041916167665
"Atlantic City","""Atlantic City-Hammonton, NJ""",162,14.9410774410774,164,9.86027944111776
"New London","""Norwich-New London, CT""",163,17.265625,115,9.76047904191617
"San Luis Obispo","""San Luis Obispo-Paso Robles-Arroyo Grande, CA""",164,13.3451957295374,75,2.79441117764471
"Gainesville","""Gainesville, FL""",165,11.3219895287958,90,2.81437125748503
"Santa Cruz","""Santa Cruz-Watsonville, CA""",166,16.5487977369165,59,3.75249500998004
"Clarksville","""Clarksville, TN-KY""",167,9.4574780058651,91,1.29740518962076
"Merced","""Merced, CA""",168,10.4838709677419,75,0.818363273453094
"Wilmington","""Wilmington, NC""",169,11.1810627046084,88,2.375249500998
"Kennewick","""Kennewick-Richland, WA""",170,10.8127208480565,66,0.558882235528942
"Greeley","""Greeley, CO""",171,11.4745586708204,57,0.698602794411178
"Waco","""Waco, TX""",172,8.55188141391106,105,2.17564870259481
"Lynchburg","""Lynchburg, VA""",173,15.0621833256564,108.5,8.8622754491018
"Olympia","""Olympia-Tumwater, WA""",174,10.2878716375649,66,0.379241516966068
"Amarillo","""Amarillo, TX""",175,16.2773172569706,90,7.60479041916168
"Binghamton","""Binghamton, NY""",176,14.5545796737767,134.5,9.66067864271457
"Hagerstown","""Hagerstown-Martinsburg, MD-WV""",177,15.5947877259353,109,9.02195608782435
"Bremerton","""Bremerton-Silverdale, WA""",178,11.0123456790123,61,0.538922155688623
"Laredo","""Laredo, TX""",179,9.54478707782673,101,2.49500998003992
"Yakima","""Yakima, WA""",180,9.84215413184772,69.5,0.359281437125749
"Crestview-Fort Walton Beach-Destin","""Crestview-Fort Walton Beach-Destin, FL""",181,12.312734082397,104,5.84830339321357
"Topeka","""Topeka, KS""",182,18.7360594795539,73,5.74850299401198
"Macon","""Macon, GA""",183,14.9832775919732,98.5,8.02395209580838
"Champaign-Urbana","""Champaign-Urbana, IL""",184,14.6778042959427,96,7.44510978043912
"Tuscaloosa","""Tuscaloosa, AL""",185,8.16816816816817,99,1.55688622754491
"Charleston","""Charleston, WV""",186,15.0032195750161,129.5,9.70059880239521
"Appleton","""Appleton, WI""",187,10.7341147439852,85.5,1.83632734530938
"Chico","""Chico, CA""",188,12.2569737954353,70,1.35728542914172
"Charlottesville","""Charlottesville, VA""",189,11.0791366906475,91,2.75449101796407
"Claremont","""Claremont-Lebanon, NH-VT""",190,8.4985835694051,130,4.11177644710579
"Cape Cod","""Barnstable Town, MA""",191,14.1005230839209,104,7.82435129740519
"Burlington","""Burlington-South Burlington, VT""",192,12.0833333333333,93,3.97205588822355
"Prescott","""Prescott, AZ""",193,14.7535084562792,83,5.1497005988024
"Springfield","""Springfield, IL""",194,22.3081882656351,84,7.58483033932136
"Tyler","""Tyler, TX""",195,12.618841832325,86.5,3.63273453093812
"Las Cruces","""Las Cruces, NM""",196,12.8434065934066,123.5,8.52295409181637
"Fargo","""Fargo, ND-MN""",197,16.8634064080944,77,5.94810379241517
"Houma","""Houma-Thibodaux, LA""",198,10.1303911735206,103.5,3.15369261477046
"Florence","""Florence, SC""",199,10.0084104289319,97.5,2.4750499001996
"Medford","""Medford, OR""",200,14.9107142857143,76,4.37125748502994
"Lafayette-West Lafayette","""Lafayette-West Lafayette, IN""",201,17.4226804123711,73,5.32934131736527
"Bellingham","""Bellingham, WA""",202,8.92420537897311,71,0.259481037924152
"Lake Havasu City","""Lake Havasu City-Kingman, AZ""",203,12.8053917438922,108,7.14570858283433
"Saginaw","""Saginaw, MI""",204,15.9881569207994,108,9.04191616766467
"Lake Charles","""Lake Charles, LA""",205,7.96208530805687,89.5,0.738522954091816
"Johnson City","""Johnson City, TN""",206,12.0381406436234,108,6.187624750499
"Elkhart","""Elkhart-Goshen, IN""",207,16.7247386759582,72,4.91017964071856
"Yuma","""Yuma, AZ""",208,13.9577594123049,117.5,8.74251497005988
"Racine","""Racine, WI""",209,13.1679389312977,86,4.01197604790419
"Athens","""Athens-Clarke County, GA""",210,8.30542531815137,83.5,0.419161676646707
"Torrington","""Torrington, CT""",211,14.7884539343614,129,9.64071856287425
"St. Cloud","""St. Cloud, MN""",212,14.741641337386,85,5.70858283433134
"Hilton Head Island","""Hilton Head Island-Bluffton-Beaufort, SC""",213,9.32854946181445,125,4.31137724550898
"Hilo","""Hilo, HI""",214,10.3210217466345,144.5,6.86626746506986
"Panama City","""Panama City, FL""",215,13.5954681772742,113,8.40319361277445
"Kingston","""Kingston, NY""",216,15.2512998266898,183,9.92015968063872
"Daphne","""Daphne-Fairhope-Foley, AL""",217,12.5,116,7.74451097804391
"Gainesville","""Gainesville, GA""",218,12.5061304561059,90,4.07185628742515
"Warner Robins","""Warner Robins, GA""",219,8.45608292416803,100,1.73652694610778
"Jacksonville","""Jacksonville, NC""",220,11.752060193479,89,3.07385229540918
"Redding","""Redding, CA""",221,17.2718351324828,83,6.76646706586826
"Monroe","""Monroe, LA""",222,13.268156424581,84,3.65269461077844
"El Centro","""El Centro, CA""",223,15.4545454545455,74,4.41117764471058
"Muskegon","""Muskegon, MI""",224,13.9659803043868,96.5,6.62674650698603
"East Stroudsburg","""East Stroudsburg, PA""",225,14.6632874728458,127,9.54091816367266
"Greenville","""Greenville, NC""",226,10.9424920127796,108,4.71057884231537
"Oshkosh","""Oshkosh-Neenah, WI""",227,10.8726752503577,94,2.85429141716567
"Yuba City","""Yuba City, CA""",228,12.7306273062731,68,1.7564870259481
"Abilene","""Abilene, TX""",229,13.6560069144339,68,2.29540918163673
"Columbia","""Columbia, MO""",230,17.5944333996024,78,6.24750499001996
"Dover","""Dover, DE""",231,14.1666666666667,104,7.86427145708583
"Eau Claire","""Eau Claire, WI""",232,12.7862595419847,77,2.67465069860279
"Janesville","""Janesville-Beloit, WI""",233,11.9698397737983,77,2.01596806387226
"Jackson","""Jackson, MI""",234,14.1610738255034,100,7.48502994011976
"Punta Gorda","""Punta Gorda, FL""",235,12.4430424114967,108,6.7065868263473
"Bloomington","""Bloomington, IN""",236,11.8708452041785,76,1.77644710578842
"Pueblo","""Pueblo, CO""",237,16.0480349344978,70,4.19161676646707
"Billings","""Billings, MT""",238,17.7319587628866,70,4.93013972055888
"Bend","""Bend-Redmond, OR""",239,15.5186721991701,75,4.77045908183633
"Albany","""Albany, GA""",240,12.9680365296804,122.5,8.42315369261477
"Vineland","""Vineland-Bridgeton, NJ""",241,16.218487394958,140,9.88023952095808
"Niles","""Niles-Benton Harbor, MI""",242,12.1461657231086,86,2.95409181636727
"Kahului","""Kahului-Wailuku-Lahaina, HI""",243,9.39881456392887,128,4.83033932135729
"State College","""State College, PA""",244,15.6934306569343,79,5.6686626746507
"Decatur","""Decatur, AL""",245,14.3269230769231,117,8.96207584830339
"Hanford","""Hanford-Corcoran, CA""",246,11.1413043478261,77,1.25748502994012
"Rocky Mount","""Rocky Mount, NC""",247,10.8433734939759,134,7.02594810379242
"Monroe","""Monroe, MI""",248,14.2335766423358,126,9.22155688622754
"Wichita Falls","""Wichita Falls, TX""",249,15.2917505030181,88,6.66666666666667
"Burlington","""Burlington, NC""",250,7.4910820451843,97,1.07784431137725
"Madera","""Madera, CA""",251,13.943661971831,94,6.22754491017964
"Chambersburg","""Chambersburg-Waynesboro, PA""",252,16.1588180978763,110,9.2814371257485
"Elizabethtown","""Elizabethtown-Fort Knox, KY""",253,14.4897959183673,123,9.30139720558882
"Pottsville","""Pottsville, PA""",254,14.2712550607287,122.5,9.08183632734531
"Wheeling","""Wheeling, WV-OH""",255,9.78792822185971,104,2.89421157684631
"Grand Junction","""Grand Junction, CO""",256,9.87179487179487,75,0.578842315369261
"Concord","""Concord, NH""",257,12.3253903040263,88,3.43313373253493
"Santa Fe","""Santa Fe, NM""",258,14.6017699115044,96,7.28542914171657
"Traverse City","""Traverse City, MI""",259,9.43396226415094,211.5,6.72654690618762
"Dalton","""Dalton, GA""",260,9.688013136289,101,2.63473053892216
"Greensboro","""Greensboro-High Point, NC""",261,10.2272727272727,87,1.59680638722555
"Midland","""Midland, TX""",262,23.3690360272639,123.5,9.96007984031936
"Homosassa Springs","""Homosassa Springs, FL""",263,11.0348468848997,116,6.06786427145709
"Valdosta","""Valdosta, GA""",264,12.5107112253642,130,8.48303393213573
"Springfield","""Springfield, OH""",265,12.2006841505131,91,3.73253493013972
"St. George","""St. George, UT""",266,12.4293785310734,93.5,4.3313373253493
"Vero Beach","""Sebastian-Vero Beach, FL""",267,8.70856011875309,105,2.21556886227545
"Odessa","""Odessa, TX""",268,21.9645293315143,96,8.82235528942116
"Napa","""Napa, CA""",269,12.007874015748,59,0.918163672654691
"Battle Creek","""Battle Creek, MI""",270,18.5761957730812,117,9.84031936127744
"Jamestown","""Jamestown-Dunkirk-Fredonia, NY""",271,9.34844192634561,148,5.54890219560878
"Eureka","""Eureka-Arcata-Fortuna, CA""",272,3.64238410596026,85,0.279441117764471
"Flagstaff","""Flagstaff, AZ""",273,11.6666666666667,72,1.15768463073852
"Wausau","""Wausau, WI""",274,12.1642969984202,99,4.99001996007984
"La Crosse","""La Crosse-Onalaska, WI-MN""",275,12.5260960334029,68.5,1.57684630738523
"Lebanon","""Lebanon, PA""",276,12.5531914893617,110,7.20558882235529
"Sierra Vista","""Sierra Vista-Douglas, AZ""",277,13.5304659498208,121,8.64271457085828
"Pittsfield","""Pittsfield, MA""",278,11.3048707155743,127,7.12574850299401
"Lawton","""Lawton, OK""",279,12.6745435016112,133,8.62275449101796
"Jackson","""Jackson, TN""",280,10.7106076210093,116,5.62874251497006
"Glens Falls","""Glens Falls, NY""",281,12.4916943521595,157,8.84231536926148
"Winchester","""Winchester, VA-WV""",282,14.1791044776119,73,3.23353293413174
"Altoona","""Altoona, PA""",283,16.40625,86.5,7.10578842315369
"Harrisonburg","""Harrisonburg, VA""",284,10.1311084624553,106,3.45309381237525
"Sherman","""Sherman-Denison, TX""",285,11.6461366181411,66,0.898203592814371
"Staunton","""Staunton-Waynesboro, VA""",286,12.3469387755102,107,6.3872255489022
"Muncie","""Muncie, IN""",287,15.2542372881356,109.5,8.94211576846307
"Mount Vernon","""Mount Vernon-Anacortes, WA""",288,8.67620751341682,65,0.0798403193612774
"Albany","""Albany, OR""",289,9.59792477302205,78,0.678642714570858
"Watertown","""Watertown-Fort Drum, NY""",290,12.8524046434494,163,9.14171656686627
"Cleveland","""Cleveland, TN""",291,10.1783840503673,104.5,3.35329341317365
"Sheboygan","""Sheboygan, WI""",292,9.59349593495935,110,3.47305389221557
"Bismarck","""Bismarck, ND""",293,11.965811965812,98.5,4.65069860279441
"Dunn","""Dunn, NC""",294,11.9791666666667,109.5,6.32734530938124
"Wooster","""Wooster, OH""",295,12.7610208816705,97,5.58882235528942
"Morristown","""Morristown, TN""",296,7.47303543913713,112,2.35528942115768
"Kankakee","""Kankakee, IL""",297,15.8371040723982,112,9.44111776447106
"Brunswick","""Brunswick, GA""",298,6.29190304280557,115,2.31536926147705
"Ogdensburg","""Ogdensburg-Massena, NY""",299,10.2589641434263,178,7.36526946107784
"Holland","""Holland, MI""",300,14.3289606458123,107,8.30339321357285
"Wenatchee","""Wenatchee, WA""",301,7.47812251392204,88,0.518962075848303
"Missoula","""Missoula, MT""",302,10.8921161825726,77.5,1.19760479041916
"Salem","""Salem, OH""",303,12.3244929797192,120,7.84431137724551
"Bay City","""Bay City, MI""",304,13.3720930232558,92,5.28942115768463
"Lewiston","""Lewiston-Auburn, ME""",305,16.1189358372457,81,6.04790419161677
"Roseburg","""Roseburg, OR""",306,11.4827201783724,111.5,6.10778443113772
"Sumter","""Sumter, SC""",307,9.25306577480491,129,4.5309381237525
"Show Low","""Show Low, AZ""",308,11.1518708730741,141.5,7.70459081836327
"Lima","""Lima, OH""",309,8.40336134453782,101,1.81636726546906
"Cookeville","""Cookeville, TN""",310,5.88235294117647,126,2.91417165668663
"California-Lexington Park","""California-Lexington Park, MD""",311,16.8498168498169,137,9.9001996007984
"Cumberland","""Cumberland, MD-WV""",312,11.7456896551724,275,8.7624750499002
"Longview","""Longview, WA""",313,10.9510086455331,80,1.31736526946108
"Whitewater","""Whitewater-Elkhorn, WI""",314,10.1829753381066,111,4.25149700598802
"Fond du Lac","""Fond du Lac, WI""",315,14.0969162995595,117,8.78243512974052
"Ithaca","""Ithaca, NY""",316,10.6060606060606,104.5,3.79241516966068
"Ashtabula","""Ashtabula, OH""",317,14.4047619047619,108,8.54291417165669
"Tullahoma","""Tullahoma-Manchester, TN""",318,9.79955456570156,81.5,0.798403193612774
"Adrian","""Adrian, MI""",319,12.4413145539906,90,3.91217564870259
"Corning","""Corning, NY""",320,15,138,9.80039920159681
"Sebring","""Sebring, FL""",321,7.40740740740741,113,2.51497005988024
"Truckee","""Truckee-Grass Valley, CA""",322,13.5538954108858,76,3.13373253493014
"Fairbanks","""Fairbanks, AK""",323,13.780260707635,81.5,3.87225548902196
"Ocean City","""Ocean City, NJ""",324,13.4163208852006,204,9.68063872255489
"Mankato","""Mankato-North Mankato, MN""",325,18.75,96,8.6626746506986
"Cape Girardeau","""Cape Girardeau, MO-IL""",326,11.43583227446,87,2.55489021956088
"Hot Springs","""Hot Springs, AR""",327,10.1151315789474,123,5.34930139720559
"Sunbury","""Sunbury, PA""",328,8.50111856823266,196.5,5.7684630738523
"The Villages","""The Villages, FL""",329,11.8872549019608,111,6.48702594810379
"Albertville","""Albertville, AL""",330,11.7715617715618,145,8.2435129740519
"Parkersburg","""Parkersburg-Vienna, WV""",331,12.6262626262626,112,7.624750499002
"New Philadelphia","""New Philadelphia-Dover, OH""",332,13.129102844639,81.5,3.25349301397206
"Orangeburg","""Orangeburg, SC""",333,9.32400932400932,253.5,6.52694610778443
"Cheyenne","""Cheyenne, WY""",334,12.4306326304107,58,1.1377245508982
"New Castle","""New Castle, PA""",335,11.1111111111111,108,5.00998003992016
"Kalispell","""Kalispell, MT""",336,10.9350237717908,82,1.43712574850299
"Sevierville","""Sevierville, TN""",337,9.38715953307393,137,5.22954091816367
"Bozeman","""Bozeman, MT""",338,8.02139037433155,73,0.159680638722555
"Moses Lake","""Moses Lake, WA""",339,5.63380281690141,108,1.63672654690619
"Elmira","""Elmira, NY""",340,17.7892918825561,132,9.94011976047904
"Beaver Dam","""Beaver Dam, WI""",341,12.0717781402936,111.5,6.8063872255489
"Ukiah","""Ukiah, CA""",342,13.671875,90,5.30938123752495
"Hermiston-Pendleton","""Hermiston-Pendleton, OR""",343,10.5140186915888,108.5,4.35129740518962
"Corvallis","""Corvallis, OR""",344,10.5515587529976,70,0.63872255489022
"Bloomsburg","""Bloomsburg-Berwick, PA""",345,9.76138828633406,110.5,3.67265469061876
"Grants Pass","""Grants Pass, OR""",346,12.316715542522,80,2.43512974051896
"Plattsburgh","""Plattsburgh, NY""",347,12.1890547263682,137,8.36327345309381
"Grand Island","""Grand Island, NE""",348,14.2028985507246,87,5.42914171656687
"Danville","""Danville, IL""",349,19.8275862068966,98,8.92215568862276
"Manitowoc","""Manitowoc, WI""",350,13.2791327913279,108.5,7.68463073852295
"Great Falls","""Great Falls, MT""",351,6.69014084507042,79,0.199600798403194
"Wilson","""Wilson, NC""",352,8.7378640776699,24,0.0199600798403194
"Cullman","""Cullman, AL""",353,9.80036297640653,135,5.82834331337325
"Olean","""Olean, NY""",354,10.6807511737089,178,7.76447105788423
"Auburn","""Auburn, NY""",355,13.1799163179916,165,9.34131736526946
"Athens","""Athens, TX""",356,10.4910714285714,123,6.00798403193613
"Oak Harbor","""Oak Harbor, WA""",357,11.5768463073852,70,1.01796407185629
"Chillicothe","""Chillicothe, OH""",358,13.4986225895317,164,9.52095808383234
"Hinesville","""Hinesville, GA""",359,11.6169544740973,112,6.26746506986028
"Somerset","""Somerset, PA""",360,11.0958904109589,129,7.08582834331337
"Warsaw","""Warsaw, IN""",361,10.1529902642559,143,6.54690618762475
"Keene","""Keene, NH""",362,11.0304789550073,101.5,4.05189620758483
"Sandusky","""Sandusky, OH""",363,11.218836565097,99.5,3.99201596806387
"Searcy","""Searcy, AR""",364,10.4014598540146,85,1.41716566866267
"Centralia","""Centralia, WA""",365,7.45762711864407,105,1.71656686626747
"Casper","""Casper, WY""",366,15.1057401812689,71,3.83233532934132
"Helena","""Helena, MT""",367,11.0944527736132,71.5,0.878243512974052
"Findlay","""Findlay, OH""",368,12.5858123569794,79,2.77445109780439
"Palatka","""Palatka, FL""",369,10.4982206405694,140,6.94610778443114
"Seneca","""Seneca, SC""",370,10.82995951417,123,6.2874251497006
"Glenwood Springs","""Glenwood Springs, CO""",371,6.96022727272727,98,1.03792415169661
"Key West","""Key West, FL""",372,7.60986066452304,159,4.4311377245509
"Aberdeen","""Aberdeen, WA""",373,8.0168776371308,84.5,0.439121756487026
"Greenfield Town","""Greenfield Town, MA""",374,18.5858585858586,112,9.74051896207585
"Muskogee","""Muskogee, OK""",375,10.0840336134454,149,6.56686626746507
"Owosso","""Owosso, MI""",376,13.9705882352941,101,7.32534930139721
"Statesboro","""Statesboro, GA""",377,5.49084858569052,101,1.11776447105788
"Shawnee","""Shawnee, OK""",378,13.2321041214751,164,9.32135728542914
"Greeneville","""Greeneville, TN""",379,8.93536121673004,134,4.59081836327345
"Forest City","""Forest City, NC""",380,9.84848484848485,177,6.78642714570858
"Lake City","""Lake City, FL""",381,11.1111111111111,113,5.92814371257485
"Kapaa","""Kapaa, HI""",382,10.146252285192,189,7.24550898203593
"LaGrange","""LaGrange, GA""",383,9.07643312101911,92,1.21756487025948
"Morehead City","""Morehead City, NC""",384,13.1868131868132,176,9.3812375249501
"Klamath Falls","""Klamath Falls, OR""",385,10.2564102564103,119,5.44910179640719
"Marshall","""Marshall, TX""",386,9.15841584158416,121.5,4.03193612774451
"Clearlake","""Clearlake, CA""",387,14.0030441400304,91.5,6.02794411177645
"Faribault","""Faribault-Northfield, MN""",388,14.0921409214092,132.5,9.36127744510978
"Elizabeth City","""Elizabeth City, NC""",389,10.1823708206687,90,1.9560878243513
"Ionia","""Ionia, MI""",390,16.6666666666667,85,6.92614770459082
"Red Bluff","""Red Bluff, CA""",391,9.46969696969697,96,1.93612774451098
"Hudson","""Hudson, NY""",392,13.1324004305705,181.5,9.42115768463074
"Coos Bay","""Coos Bay, OR""",393,13.5838150289017,94,5.98802395209581
"Walla Walla","""Walla Walla, WA""",394,11.3924050632911,74.5,1.17764471057884
"Oneonta","""Oneonta, NY""",395,11.6438356164384,168.5,8.46307385229541
"Baraboo","""Baraboo, WI""",396,9.98573466476462,91,1.8562874251497
"Marietta","""Marietta, OH""",397,11.7647058823529,72,1.2375249500998
"Rutland","""Rutland, VT""",398,6.37898686679174,194,4.47105788423154
"Sturgis","""Sturgis, MI""",399,13.9240506329114,126,8.98203592814371
"Shelton","""Shelton, WA""",400,11.7647058823529,113,6.64670658682635
"Albemarle","""Albemarle, NC""",401,10.2425876010782,113,4.81037924151697
"Jefferson","""Jefferson, GA""",402,9.42578548212351,76,0.399201596806387
"Georgetown","""Georgetown, SC""",403,11.5537848605578,156,8.1437125748503
"Laconia","""Laconia, NH""",404,10.2175969725639,113,4.73053892215569
"Oxford","""Oxford, NC""",405,11.2426035502959,83,1.87624750499002
"Barre","""Barre, VT""",406,7.39299610894942,127.5,3.31337325349301
"Dublin","""Dublin, GA""",407,8.71080139372822,117,3.33333333333333
"Sanford","""Sanford, NC""",408,10.4779411764706,108,4.13173652694611
"Tiffin","""Tiffin, OH""",409,14.1463414634146,85,4.87025948103792
"Crossville","""Crossville, TN""",410,8.151305274374,190,5.38922155688623
"Gloversville","""Gloversville, NY""",411,10.5145413870246,151,7.18562874251497
"Sonora","""Sonora, CA""",412,11.0091743119266,89,2.33532934131737
"Gaffney","""Gaffney, SC""",413,6.48648648648649,136.5,3.41317365269461
"Carson City","""Carson City, NV""",414,13.3738601823708,64,1.99600798403194
"Calhoun","""Calhoun, GA""",415,14.6268656716418,92.5,6.9061876247505
"Waycross","""Waycross, GA""",416,8.68263473053892,162.5,5.12974051896208
"Jasper","""Jasper, IN""",417,12.0331950207469,84,2.61477045908184
"Ontario","""Ontario, OR-ID""",418,13.6645962732919,123.5,8.90219560878243
"Payson","""Payson, AZ""",419,7.81032078103208,102,1.65668662674651
"Rochelle","""Rochelle, IL""",420,13.0925507900677,117.5,8.28343313373253
"Galesburg","""Galesburg, IL""",421,15.7635467980296,95.5,8.00399201596806
"Warrensburg","""Warrensburg, MO""",422,13.0193905817175,106,7.06586826347305
"Athens","""Athens, TN""",423,10.4838709677419,130,6.44710578842315
"Edwards","""Edwards, CO""",424,8.20083682008368,112,2.83433133732535
"Fernley","""Fernley, NV""",425,12.4735729386892,75,2.13572854291417
"Durango","""Durango, CO""",426,7.55667506297229,100.5,1.27744510978044
"Boone","""Boone, NC""",427,9.75292587776333,200,7.0059880239521
"Bartlesville","""Bartlesville, OK""",428,16.6301969365427,83.5,6.58682634730539
"Elko","""Elko, NV""",429,11.2021857923497,105,4.61077844311377
"St. Marys","""St. Marys, GA""",430,9.96621621621622,102,3.01397205588822
"Amsterdam","""Amsterdam, NY""",431,11.5625,191,8.58283433133733
"Enterprise","""Enterprise, AL""",432,13.3611691022965,183,9.56087824351297
"Paris","""Paris, TX""",433,9.89399293286219,84.5,1.05788423153693
"Norfolk","""Norfolk, NE""",434,12.2362869198312,77,2.15568862275449
"Corsicana","""Corsicana, TX""",435,14.2857142857143,88,5.80838323353293
"Ardmore","""Ardmore, OK""",436,4.9618320610687,118,2.41516966067864
"Nogales","""Nogales, AZ""",437,8.21917808219178,146,4.55089820359281
"Gardnerville Ranchos","""Gardnerville Ranchos, NV""",438,11.7161716171617,79,1.97604790419162
"Tahlequah","""Tahlequah, OK""",439,11.7788461538462,127,7.72455089820359
"Canon City","""Ca±on City, CO""",440,12.4137931034483,74.5,2.03592814371257
"Hillsdale","""Hillsdale, MI""",441,10.8108108108108,114.5,5.60878243512974
"Ponca City","""Ponca City, OK""",442,11.8181818181818,92,3.51297405189621
"Newport","""Newport, OR""",443,9.83020554066131,154,6.30738522954092
"Wapakoneta","""Wapakoneta, OH""",444,11.3475177304965,122,6.84630738522954
"Henderson","""Henderson, NC""",445,14.6892655367232,117.5,9.18163672654691
"Coldwater","""Coldwater, MI""",446,9.72222222222222,158.5,6.34730538922156
"Shelbyville","""Shelbyville, TN""",447,9.50704225352113,75.5,0.459081836327345
"Marion","""Marion, NC""",448,7.75401069518717,148,4.2315369261477
"Thomasville","""Thomasville, GA""",449,11.8181818181818,135.5,8.06387225548902
"Pahrump","""Pahrump, NV""",450,13.4615384615385,108,7.78443113772455
"Bucyrus","""Bucyrus, OH""",451,16.1417322834646,200.5,10
"Cornelia","""Cornelia, GA""",452,7.2992700729927,104,1.49700598802395
"Big Rapids","""Big Rapids, MI""",453,9.50965824665676,163,6.20758483033932
"Seymour","""Seymour, IN""",454,9.34959349593496,110.5,3.21357285429142
"Willmar","""Willmar, MN""",455,13.963963963964,101.5,7.40518962075848
"Auburn","""Auburn, IN""",456,23.1707317073171,64,5.02994011976048
"Paragould","""Paragould, AR""",457,10.6870229007634,101.5,3.59281437125748
"Lawrenceburg","""Lawrenceburg, TN""",458,11.4285714285714,140,7.88423153692615
"Cedartown","""Cedartown, GA""",459,13.1221719457014,118,8.32335329341317
"Montrose","""Montrose, CO""",460,9.5959595959596,85,0.958083832335329
"Ellensburg","""Ellensburg, WA""",461,6.44391408114558,93.5,0.718562874251497
"Cullowhee","""Cullowhee, NC""",462,9.81932443047918,252,7.16566866267465
"Tifton","""Tifton, GA""",463,9.47867298578199,141,5.68862275449102
"Urbana","""Urbana, OH""",464,19.9186991869919,102,9.24151696606786
"McMinnville","""McMinnville, TN""",465,7.14285714285714,181,4.49101796407186
"Berlin","""Berlin, NH-VT""",466,8.26771653543307,210,5.72854291417166
"Defiance","""Defiance, OH""",467,9.91735537190083,79,0.778443113772455
"Union City","""Union City, TN-KY""",468,11.1940298507463,217,8.50299401197605
"Gainesville","""Gainesville, TX""",469,9.1324200913242,97,1.69660678642715
"Brownwood","""Brownwood, TX""",470,7.94871794871795,110,2.39520958083832
"Stephenville","""Stephenville, TX""",471,13.9194139194139,75.5,3.29341317365269
"Americus","""Americus, GA""",472,9.44206008583691,165,6.16766467065868
"Easton","""Easton, MD""",473,10.8761329305136,146,7.4251497005988
"Newberry","""Newberry, SC""",474,10.7142857142857,216.5,8.08383233532934
"Ada","""Ada, OK""",475,13.28125,123,8.60279441117764
"Safford","""Safford, AZ""",476,12.7450980392157,134,8.72255489021956
"Bennington","""Bennington, VT""",477,7.74731823599523,183,4.9500998003992
"Astoria","""Astoria, OR""",478,9.36936936936937,97,1.89620758483034
"Summit Park","""Summit Park, UT""",479,7.21231766612642,123,3.0938123752495
"Alexandria","""Alexandria, MN""",480,12.7358490566038,71,2.07584830339321
"Newport","""Newport, TN""",481,7.87878787878788,175,4.89021956087824
"Seneca Falls","""Seneca Falls, NY""",482,8.64197530864197,123,3.7125748502994
"Sulphur Springs","""Sulphur Springs, TX""",483,8.88888888888889,70,0.179640718562874
"Martin","""Martin, TN""",484,9.62962962962963,112.5,3.93213572854291
"Arcadia","""Arcadia, FL""",485,6.875,84,0.29940119760479
"Angola","""Angola, IN""",486,10.1736972704715,137,6.36726546906188
"Brevard","""Brevard, NC""",487,7.72014475271411,316,5.4690618762475
"Cambridge","""Cambridge, MD""",488,10.9243697478992,94.5,2.9940119760479
"Dayton","""Dayton, TN""",489,6.66666666666667,131,3.27345309381238
"Lewisburg","""Lewisburg, TN""",490,5.94594594594595,105.5,1.39720558882236
"Ludington","""Ludington, MI""",491,11.71875,123,7.34530938123752
"Crescent City","""Crescent City, CA""",492,15.9362549800797,128,9.82035928143713
"Mineral Wells","""Mineral Wells, TX""",493,7.11009174311927,98,1.09780439121756
"Thomaston","""Thomaston, GA""",494,16.3346613545817,192,9.98003992015968
"Toccoa","""Toccoa, GA""",495,7.43494423791822,114,2.5748502994012
"La Grande","""La Grande, OR""",496,11.340206185567,98,3.85229540918164
"Moberly","""Moberly, MO""",497,11.5853658536585,84.5,2.23552894211577
"The Dalles","""The Dalles, OR""",498,8.93854748603352,94.5,1.3373253493014
"Steamboat Springs","""Steamboat Springs, CO""",499,9.67320261437908,118,4.45109780439122
"Prineville","""Prineville, OR""",500,12.5435540069686,98,5.50898203592814
"Vineyard Haven","""Vineyard Haven, MA""",501,4.5016077170418,195,4.21157684630739
